{"cameraMode":{"drawMode":0,"name":"Shaded","section":"Shading Mode"},"sceneLighting":true,"audioPlay":false,"sceneViewState":{"m_AlwaysRefresh":false,"showFog":true,"showSkybox":true,"showFlares":true,"showImageEffects":true,"showParticleSystems":true,"showVisualEffectGraphs":true,"m_FxEnabled":true},"in2DMode":false,"pivot":{"x":24.199007034301759,"y":-27.098506927490236,"z":-18.996252059936525},"rotation":{"x":-0.004831566475331783,"y":-0.8315263986587524,"z":0.5554277300834656,"w":-0.007241175975650549},"size":41.41172790527344,"orthographic":false}